<?xml version="1.0" encoding="UTF-8"?>
<project-private xmlns="http://www.netbeans.org/ns/project-private/1">
    <editor-bookmarks xmlns="http://www.netbeans.org/ns/editor-bookmarks/2" lastBookmarkId="0"/>
    <open-files xmlns="http://www.netbeans.org/ns/projectui-open-files/2">
        <group>
            <file>file:/C:/Users/Asus/Documents/NetBeansProjects/Assignment/src/Assignment/CarManager.java</file>
            <file>file:/C:/Users/Asus/Documents/NetBeansProjects/Assignment/src/Assignment/Brand.java</file>
            <file>file:/C:/Users/Asus/Documents/NetBeansProjects/Assignment/src/Assignment/Menu.java</file>
            <file>file:/C:/Users/Asus/Documents/NetBeansProjects/Assignment/src/Assignment/BrandManager.java</file>
            <file>file:/C:/Users/Asus/Documents/NetBeansProjects/Assignment/src/Assignment/Car.java</file>
            <file>file:/C:/Users/Asus/Documents/NetBeansProjects/Assignment/src/Assignment/Program.java</file>
        </group>
    </open-files>
</project-private>
